url,url_id
https://github.com/pvlib/pvlib-python,
https://github.com/SunPower/pvfactors,
https://github.com/renewables-ninja/gsee,
https://github.com/SunPower/PVMismatch,
https://github.com/NREL/rdtools,
https://github.com/ColasGael/Machine-Learning-for-Solar-Energy-Prediction,
https://github.com/zae-bayern/elpv-dataset,
https://github.com/oemof/feedinlib,
https://github.com/pvedu/photovoltaic,
https://github.com/pvcaptest/pvcaptest,
https://github.com/danieljfarrell/pvtrace,
https://github.com/NREL/SolarPILOT,
https://github.com/slacgismo/solar-data-tools,
https://github.com/tdcosim/SolarPV-DER-simulation-utility,
https://github.com/NREL/bifacial_radiance,
https://github.com/PV-Lab/autoXRD,
https://github.com/PV-Lab/BayesProcess,
https://github.com/qpv-research-group/solcore5,
https://github.com/squishykid/solax,
https://github.com/NREL/bifacialvf,
https://github.com/oscarperpinan/solar,
https://github.com/SolarTherm/SolarTherm,
https://github.com/LibreSolar/bms-firmware,
https://github.com/LibreSolar/charge-controller-firmware,
https://github.com/openclimatefix/pvoutput,
https://github.com/openclimatefix/predict_pv_yield,
https://github.com/alan-turing-institute/solar-panel-detection,
https://github.com/aqreed/solarpy,
https://github.com/meltaxa/solariot,
https://github.com/pvlib/pvanalytics,
https://github.com/PerovskiteSCModelling/IonMonger,
https://github.com/qpv-research-group/rayflare,
https://github.com/DuraMAT/pv-terms,
https://github.com/slacgismo/StatisticalClearSky,
https://github.com/RentadroneCL/Photovoltaic_Fault_Detector,
https://github.com/ropensci/nasapower,
https://github.com/greco-project/pvcompare,
https://github.com/NREL/SolTrace,
https://github.com/WMD-group/CarrierCapture.jl,
https://github.com/ladybug-tools/honeybee,
https://github.com/opensolarproject/OSPController,
https://github.com/danjulio/MPPT-Solar-Charger,
https://github.com/iat-cener/tonatiuh,
https://github.com/kdmayer/PV4GER,
https://github.com/BreakingBytes/pvfree,
https://github.com/pingswept/pysolar,
https://github.com/NREL/PV_ICE,
https://github.com/openclimatefix/nowcasting,
https://github.com/SolarArbiter/solarforecastarbiter-core,
https://github.com/slacgismo/pv-system-profiler,
https://github.com/Lkruitwagen/solar-pv-global-inventory,
https://github.com/IEAWindTask37/IEA-15-240-RWT,
https://github.com/google/makani,
https://github.com/wind-python/windpowerlib,
https://github.com/turbinesFoam/turbinesFoam,
https://github.com/Exawind/nalu-wind,
https://github.com/OpenFAST/openfast,
https://github.com/Exawind/amr-wind,
http://www.q-blade.org/#welcome,
https://github.com/NREL/OpenOA,
https://github.com/NREL/ROSCO,
https://github.com/NREL/floris,
https://github.com/FZJ-IEK3-VSA/windtools,
https://gitlab.windenergy.dtu.dk/TOPFARM/PyWake,
https://github.com/WISDEM/WISDEM,
https://github.com/WISDEM/LandBOSSE,
https://github.com/OpenMDAO/OpenMDAO,
https://gitlab.windenergy.dtu.dk/TOPFARM/TopFarm2,
https://gitlab.windenergy.dtu.dk/OpenLAC/BasicDTUController,
https://gitlab.windenergy.dtu.dk/toolbox/WindEnergyToolbox,
https://github.com/YsoSirius/windfarmGA,
https://github.com/lkev/wtphm,
https://github.com/WISDEM/AirfoilPreppy,
https://github.com/signals-dev/GreenGuard,
https://gitlab.windenergy.dtu.dk/pyconturb/pyconturb,
https://github.com/WISDEM/ORBIT,
https://github.com/nmstreethran/WindTurbineClassification,
https://github.com/audunarn/ANYstructure,
https://github.com/python-windrose/windrose,
https://github.com/ImperialCollegeLondon/sharpy,
https://github.com/NREL/WindSE,
https://github.com/WISDEM/WEIS,
https://github.com/YingyiLiu/HAMS,
https://github.com/brightwind-dev/brightwind,
https://github.com/SNL-WaterPower/WecOptTool,
https://github.com/SNL-WaterPower/CACTUS,
https://github.com/energy-modelling-toolkit/hydro-power-database,
https://github.com/MHKiT-Software/MHKiT-Python,
https://github.com/hydro-python/hydropowerlib,
https://github.com/NREL-SIIP/HydroPowerSimulations.jl,
https://github.com/simulatino/OpenHPL,
https://github.com/WEC-Sim/WEC-Sim,
https://github.com/BEMRosetta/BEMRosetta,
https://github.com/mancellin/capytaine,
https://github.com/MassimoCimmino/pygfunction,
https://github.com/Japhiolite/geothermics,
https://github.com/charxie/multiphysics,
https://gitlab.opengeosys.org/ogs/ogs,
https://github.com/lanl/FEHM,
https://github.com/CalebBell/thermo,
https://github.com/waiwera/waiwera,
https://github.com/ICWallis/fractoolbox,
https://github.com/SmartTensors/GeoThermalCloud.jl,
https://github.com/sashahafner/biogas,
https://github.com/BioSTEAMDevelopmentGroup/biosteam,
https://github.com/alexliberzonlab/Multiscale_Ulva,
https://github.com/foxBMS/foxbms,
https://github.com/ECSHackWeek/impedance.py,
https://github.com/pybamm-team/PyBaMM,
https://github.com/EnnoidMe/ENNOID-BMS,
https://github.com/jepegit/cellpy,
https://github.com/rdbraatz/data-driven-prediction-of-battery-cycle-life-before-capacity-degradation,
https://github.com/rlogiacco/BatterySense,
https://github.com/TRI-AMDD/beep,
https://github.com/snl-quest/snl-quest,
https://gitlab.lrz.de/open-ees-ses/simses,
https://vibe.ornl.gov/#introduction,
https://github.com/Samuel-Buteau/universal-battery-database,
https://gitlab.lrz.de/open-ees-ses/openbea,
https://gitlab.lrz.de/open-ees-ses/lp_opt,
https://github.com/davidhowey/SLIDE,
https://github.com/batterysim/equiv-circ-model,
https://github.com/dsr-18/long-live-the-battery,
https://git.rwth-aachen.de/isea/framework,
https://github.com/nealde/Ampere,
https://github.com/epri-dev/StorageVET,
https://github.com/offgridsystems/Documents,
https://github.com/ElektrikAkar/3d_milp,
https://github.com/lionsimbatoolbox/LIONSIMBA,
https://gitlab.com/diw-evu/emobpy/emobpy,16290813
https://github.com/ECSIM/opem,
https://github.com/ECSIM/gopem,
https://github.com/ECSIM/pem-dataset1,
https://github.com/FZJ-IEK3-VSA/HIM,
https://github.com/e2nIEE/pandapipes,
https://github.com/sandialabs/hyram,
https://github.com/lanl-ansi/GasModels.jl,
https://www.gas.scigrid.de/,
https://github.com/hpxmlwg/hpxml,
https://github.com/NREL/hescore-hpxml,
https://github.com/FZJ-IEK3-VSA/LoadProfileGenerator,
https://github.com/buds-lab/the-building-data-genome-project,
https://github.com/VOLTTRON/volttron,
https://github.com/NREL/EnergyPlus,
https://github.com/NREL/OpenStudio,
https://github.com/HIT2GAP-EU-PROJECT/bemserver,
https://github.com/SEED-platform/seed,
https://github.com/EcotopeResearch/HPWHsim,
https://github.com/NREL/OpenStudio-ERI,
https://github.com/NREL/OpenStudio-HPXML,
https://github.com/RWTH-EBC/AixLib,
https://github.com/RWTH-EBC/TEASER,
https://github.com/RWTH-EBC/pyCity,
https://github.com/oemof/tespy,
https://github.com/architecture-building-systems/RC_BuildingSimulator,
https://github.com/architecture-building-systems/CityEnergyAnalyst,
https://github.com/lbl-srg/modelica-buildings,
https://github.com/open-ideas/StROBe,
https://github.com/mdh266/NYCBuildingEnergyUse,
https://github.com/jonathanrjpereira/Smart-Energy-Monitor,
https://github.com/HotMaps/Hotmaps-toolbox-service,
https://github.com/EDF-TREE/BuildSysPro,
https://github.com/lbl-srg/MPCPy,
https://github.com/lbl-srg/obc,
https://github.com/cstb/citygml-energy,
https://github.com/Planheat/Planheat-Tool,
https://gitlab.com/energyincities/energy-signature-analyser,14675621
https://github.com/UdK-VPT/BuildingSystems,
https://github.com/ibpsa/modelica-ibpsa,
https://github.com/ibpsa/project1,
https://github.com/TEB-model/teb,
https://github.com/FZJ-IEK3-VSA/tsib,
https://github.com/oemof/DHNx,
https://github.com/buds-lab/building-data-genome-project-2,
https://gitlab.com/energyincities/besos,5667920
https://github.com/CenterForTheBuiltEnvironment/pythermalcomfort,
https://github.com/CenterForTheBuiltEnvironment/comfort_tool,
https://github.com/NREL/resstock,
https://github.com/dsmrreader/dsmr-reader,
https://github.com/LBNL-ETA/MSWH,
https://github.com/hongyuanjia/eplusr,
https://github.com/BrickSchema/Brick,
https://github.com/LBNL-JCI-ICF/better,
https://github.com/nilmtk/nilmtk,
https://github.com/volkszaehler/volkszaehler.org,
https://github.com/volkszaehler/mbmd,
https://github.com/FZJ-IEK3-VSA/HiSim,
https://github.com/RE-Lab-Projects/hplib,
https://github.com/ecmwf-projects/thermofeel,
https://github.com/CenterForTheBuiltEnvironment/clima,
https://github.com/ropensci/stplanr,
https://github.com/JRCSTU/CO2MPAS-TA,
https://github.com/JRCSTU/wltp,
https://github.com/NewMotion/ocpp,
https://github.com/mobilityhouse/ocpp,
https://github.com/NewMotion/docile-charge-point,
https://github.com/maasglobal/maas-schemas,
https://github.com/coopcycle/coopcycle-web,
https://github.com/EVNotify/EVNotify,
https://github.com/diowa/icare,
https://github.com/STS-Rosario/carpoolear,
https://utd19.ethz.ch/,
https://github.com/lincomatic/open_evse,
https://github.com/OpenEVSE/ESP8266_WiFi_v2.x,
https://github.com/CanalTP/navitia,
https://github.com/vonfeng/DeepMove,
https://github.com/openmobilityfoundation/mobility-data-specification,
https://github.com/mdolab/openconcept,
https://github.com/openchargemap/ocm-system,
https://github.com/andig/evcc,
https://github.com/RWTH-i5-IDSG/steve,
https://github.com/V2GClarity/RISE-V2G,
https://github.com/sash-ko/simobility,
https://github.com/vocol/mobivoc,
https://github.com/grote/Transportr,
https://github.com/OneBusAway/onebusaway-android,
https://github.com/google/transitfeed,
https://github.com/BlinkTagInc/node-gtfs,
https://github.com/schildbach/public-transport-enabler,
https://github.com/grote/osm2gtfs,
https://github.com/systragroup/quetzal,
https://github.com/marlinarnz/quetzal_germany,
https://openmobility.eclipse.org/,
https://github.com/Ifsttar/NoiseModelling,
https://github.com/Ifsttar/NoiseCapture,
https://github.com/ropensci/bikedata,
https://github.com/cyclosm/cyclosm-cartocss-style,
https://github.com/upb-lea/gym-electric-motor,
https://github.com/LBNL-UCB-STI/beam,
https://github.com/ubahnverleih/WoBike,
https://github.com/PierrickP/multicycles,
https://github.com/eskerda/pybikes,
https://gitlab.com/mshepherd/sustainable-mobility-api,15397256
https://github.com/OpenChargingCloud/ChargyDesktopApp,
https://github.com/OpenChargingCloud/WWCP_OCPP,
https://github.com/OpenChargingCloud/WWCP_Core,
http://openv2g.sourceforge.net/,
https://github.com/RAMP-project/RAMP-mobility,
https://github.com/ITSLeeds/pct/,
https://github.com/goat-community/goat,
https://github.com/ATFutures/gtfs-router,
https://github.com/cityflow-project/CityFlow/,
https://github.com/d-wasserman/Complete_Street_Rule,
https://github.com/jrester/tesla_powerwall,
https://github.com/gsoh/VED,
https://github.com/NABSA/gbfs,
https://github.com/bikeindex/bike_index,
https://github.com/voltbras/go-ocpp,
https://github.com/johan12345/EVMap,
https://github.com/SAP/emobility-smart-charging,
https://github.com/chargeprice/open-ev-data,
https://github.com/SmartEVSE/smartevse,
https://github.com/andmos/BikeshareClient,
https://github.com/mszell/bikenwgrowth,
https://github.com/a-b-street,
https://github.com/enviroCar/enviroCar-app,
https://github.com/NREL/Industry-Energy-Tool,
https://github.com/NREL/Industry-energy-data-book,
https://github.com/energy-market-methods/caltrack,
https://github.com/OpenModelica/OpenModelica,
https://gitlab.com/project-catalyst,
https://github.com/greensoftwarelab/Energy-Languages,
https://github.com/responsibleproblemsolving/energy-usage,
https://github.com/thegreenwebfoundation/green-cost-explorer,
https://github.com/hubblo-org/scaphandre,
https://github.com/sosy-lab/cpu-energy-meter,
https://github.com/powerapi-ng/powerapi,
https://github.com/marmelab/argos,
https://gitlab.com/ecoconceptionweb/ecometer,1099241
https://github.com/patch-technology/patch-node,
https://github.com/thegreenwebfoundation/co2.js,
https://github.com/kylemcdonald/nvidia-co2,
https://github.com/Organic-Basics/ob-low-impact-website,
https://github.com/kylemcdonald/cryptoart-footprint,
https://github.com/cloud-carbon-footprint/cloud-carbon-footprint,
https://github.com/powerapi-ng/pyJoules,
https://github.com/GoogleCloudPlatform/region-carbon-info,
https://gitlab.com/wholegrain/carbon-api-2-0,10939513
https://invent.kde.org/cschumac/feep,
https://github.com/dos-group/leaf,
https://github.com/kylemcdonald/ethereum-nft-activity,
https://en.wikipedia.org/wiki/Open_energy_system_models,
https://wiki.openmod-initiative.org/wiki/Open_Models,
https://github.com/JGCRI/gcam-core,
https://github.com/NREL/SAM,
https://github.com/IIT-EnergySystemModels/openTEPES,
https://github.com/PowerGenome/PowerGenome,
https://github.com/pyaf/load_forecasting,
https://github.com/NREL/REopt_Lite_API,
http://www.pandapower.org/,
https://github.com/tum-ens/urbs,
https://github.com/energy-modelling-toolkit/Dispa-SET,
https://github.com/calliope-project/calliope,
https://github.com/calliope-project/euro-calliope,
https://github.com/OSeMOSYS/OSeMOSYS,
https://github.com/VUB-HYDR/REVUB,
https://github.com/FZJ-IEK3-VSA/FINE,
https://github.com/com-pas/compas-architecture,
https://github.com/NREL-SIIP/PowerSimulations.jl,
https://github.com/NREL-SIIP/PowerSystems.jl,
https://github.com/balmorelcommunity/Balmorel,
https://git.rwth-aachen.de/acs/public/simulation/DistAIXFramework/distaix,
https://github.com/OpenEnergyPlatform/ontology,
https://github.com/UNSW-CEEM/nempy,
https://github.com/bje-/NEMO,
https://github.com/niclasmattsson/GlobalEnergyGIS,
https://github.com/open-ideas/IDEAS,
https://github.com/AntaresSimulatorTeam/Antares_Simulator,
https://github.com/GMLC-TDC/HELICS,
https://github.com/oemof/oemof-solph,
https://github.com/oemof/oemof-thermal,
https://git.rwth-aachen.de/acs/public/simulation/dpsim/dpsim,
https://git.rwth-aachen.de/acs/public/villas/node,
https://github.com/openENTRANCE/nomenclature,
https://github.com/JuliaEnergy/Joulia.jl,
https://github.com/IDAES/idaes-pse,
https://github.com/TemoaProject/temoa,
https://github.com/ie3-institute/PowerSystemDataModel,
https://github.com/PyPSA/pypsa-eur-sec,
https://github.com/rte-antares-rpackage/antaresViz,
https://github.com/rte-antares-rpackage/antaresRead,
https://github.com/Spine-project/Spine-Toolbox,
https://github.com/oemof/demandlib,
https://gitlab.com/diw-evu/dieter_public/dieterpy,20660194
https://gricad-gitlab.univ-grenoble-alpes.fr/omegalpes/omegalpes,
https://github.com/reegis/deflex,
https://github.com/ADGEfficiency/energy-py-linear,
https://github.com/switch-model/switch,
https://github.com/leonardgoeke/AnyMOD.jl,
https://github.com/FlexiGIS/FlexiGIS,
https://neon.energy/emma/,
https://github.com/NREL/reVX,
https://github.com/YoungFaithful/CapacityExpansion.jl,
https://github.com/sogno-platform/dpsim,
https://github.com/pypsa-meets-africa/pypsa-africa,
https://github.com/GenXProject/GenX,
https://github.com/OpenEnergyPlatform/oeplatform,
https://github.com/PyPSA/PyPSA,
https://github.com/oemof/oemof,
https://github.com/tum-ens/pyGRETA,
https://github.com/FZJ-IEK3-VSA/RESKit,
https://github.com/powsybl/powsybl-core,
https://github.com/powsybl/powsybl-open-loadflow,
https://github.com/MATPOWER/matpower,
https://github.com/energyRt/energyRt,
https://github.com/rl-institut/multi-vector-simulator,
https://github.com/kamal0013/PowNet,
https://github.com/OpenIPSL/OpenIPSL,
https://github.com/IAMconsortium/pyam,
https://github.com/RAMP-project/RAMP,
https://github.com/richard-weinhold/pomato,
https://bitbucket.org/harald_g_svendsen/powergama/wiki/Home,
http://faraday1.ucd.ie/psat.html,
https://github.com/RamiKrispin/USelectricity,
https://github.com/NREL/reV,
https://github.com/openCEMorg/openCEM,
https://github.com/ADGEfficiency/energy-py,
https://github.com/FZJ-IEK3-VSA/glaes,
https://github.com/OnSSET/onsset,
https://github.com/PyPSA/whobs-server,
https://github.com/intelligent-environments-lab/CityLearn,
https://github.com/IBM/rl-testbed-for-energyplus,
https://github.com/FZJ-IEK3-VSA/tsam,
https://github.com/holgerteichgraeber/TimeSeriesClustering.jl,
https://github.com/iiasa/message_ix,
https://github.com/blue-marble/gridpath,
https://github.com/kbaranko/peaky-finders,
https://github.com/derevirn/renewcast,
https://github.com/cuihantao/andes,
https://github.com/Breakthrough-Energy/REISE.jl,
https://github.com/EnergyTransition/ESDL,
https://github.com/slacgismo/TESS,
https://github.com/adamgreenhall/minpower,
https://github.com/MaREI-EPMG,
https://sentinel-energy.github.io/friendly_data/,
https://github.com/dpinney/omf,
https://github.com/Thales1330/PSP,
https://github.com/Energy-Innovation/eps-us,
https://github.com/OpenEMS/openems,
https://github.com/openeemeter/eemeter,
https://github.com/opfab/operatorfabric-core,
https://github.com/Energy-Sparks/energy-sparks,
https://github.com/openenergymonitor/emonpi,
https://github.com/openenergymonitor/EmonLib,
https://github.com/emoncms/emoncms,
https://github.com/SeitaBV/flexmeasures,
https://github.com/openenergymonitor/STM32,
https://github.com/e2nIEE/simbench,
https://github.com/grid-parity-exchange/Egret,
https://github.com/PyPSA/pypsa-eur,
https://github.com/quintel/etengine,
https://github.com/quintel/etmodel,
https://github.com/OSGP/open-smart-grid-platform,
https://github.com/lanl-ansi/PowerModels.jl,
https://github.com/lanl-ansi/PowerModelsAnnex.jl,
https://github.com/power-grid-lib/pglib-opf,
https://github.com/MarvinLer/pypownet,
https://github.com/rte-france/Grid2Op,
https://github.com/openego/eDisGo/,
https://github.com/rl-institut/offgridders,
https://github.com/GridMod/RTS-GMLC,
https://github.com/upb-lea/openmodelica-microgrid-gym,
https://sourceforge.net/projects/electricdss/,
https://github.com/JuliaEnergy/PowerDynamics.jl,
https://github.com/NREL-SIIP/InfrastructureSystems.jl,
https://www.lfenergy.org/projects/openleadr/,
https://github.com/SanPen/GridCal,
https://gitlab.com/energyincities/python-ehub,4414515
https://github.com/energywebfoundation/origin,
https://github.com/gridsingularity/gsy-e,
https://gitlab.vtt.fi/backbone/backbone,
https://github.com/SonyCSL/APIS,
https://github.com/Total-RD/pymgrid,
https://power.scigrid.de/,
https://gitlab.com/mosaik/mosaik,16916294
https://gitlab.com/SmartGridToolbox/SmartGridToolbox,11355031
https://github.com/EPGOxford/OPEN,
https://github.com/slacgismo/gridlabd,
https://github.com/robinhenry/gym-anm,
https://www.lfenergy.org/projects/seapath/,
https://github.com/transportenergy/database,
https://github.com/Breakthrough-Energy/PowerSimData,
https://github.com/Azure/opendigitaltwins-energygrid,
https://github.com/opennem/opennem-fe,
https://open-power-system-data.org/data-sources,
https://github.com/catalyst-cooperative/pudl,
https://github.com/wri/global-power-plant-database,
https://github.com/tmrowco/electricitymap-contrib,
https://github.com/EnergieID/entsoe-py,
https://github.com/Open-Power-System-Data/time_series,
https://github.com/Open-Power-System-Data/renewable_power_plants,
https://github.com/Open-Power-System-Data/conventional_power_plants,
https://github.com/OpenEnergyPlatform/open-MaStR,
https://github.com/FRESNA/powerplantmatching,
https://github.com/cristianst85/GeoNuclearData,
https://github.com/thomastu/pyEIA,
https://github.com/ropensci/eia,
https://github.com/PyPSA/atlite,
https://github.com/m4rz910/NYISOToolkit,
https://zenodo.org/record/2613651#.XRtJRP7Rapo,
https://github.com/dazhiyang/SolarData,
https://github.com/RamiKrispin/UKgrid,
https://github.com/RamiKrispin/USgrid,
https://github.com/SanPen/ESIOS,
https://github.com/owid/energy-data,
https://openei.org/wiki/Main_Page,
https://osf.io/by5hu/,
https://github.com/enechange/EnergyDataSimulationChallenge,
https://github.com/DemandRegioTeam/disaggregator,
http://opendata.ffe.de/,
http://dkasolarcentre.com.au/,
https://github.com/systemcatch/eiapy,
https://github.com/OSUKED/Power-Station-Dictionary,
https://github.com/OSUKED/ElexonDataPortal,
https://github.com/mlco2/impact/,
https://github.com/protea-earth/carbon_footprint,
https://github.com/milankl/CarbonFootprintEGU,
https://github.com/tmrowco/bloom-contrib,
https://github.com/NMF-earth/nmf-app,
https://github.com/energyPATHWAYS/EnergyPATHWAYS,
https://gitlab.com/aossie/CarbonFootprint,2314474
https://github.com/lfwa/carbontracker,
https://github.com/Breakend/experiment-impact-tracker,
https://github.com/daviddao/green-ai,
https://github.com/mlco2/codecarbon,
https://github.com/carbonalyser/Carbonalyser,
https://github.com/opentaps/blockchain-carbon-accounting,
https://github.com/acircleda/footprint,
https://github.com/KKulma/intensegRid,
https://github.com/kansoapp/carbonfact-models,
https://www.camx.com/,
https://github.com/climatiq/Open-Emission-Factors-DB,
https://github.com/dos-group/lets-wait-awhile,
https://github.com/DrafProject/elmada,
https://github.com/carbonplan/cdr-database,
https://github.com/simccs/SimCCS,
https://github.com/CCSI-Toolset/FOQUS,
https://github.com/yohanesnuwara/carbon-capture-and-storage,
https://github.com/GEOSX/GEOSX,
https://gitlab.com/NRAP/OpenIAM,5617191
https://github.com/hsbay/cdrmex,
https://github.com/bcgov/ghg-emissions-indicator,
https://git.iws.uni-stuttgart.de/dumux-repositories/dumux,
https://github.com/dataforgoodfr/batch7_satellite_ges/,
https://www.che-project.eu/data-portal,
https://github.com/openclimatedata/global-carbon-budget,
https://github.com/emissions-api/emissions-api,
https://github.com/atmoschem/eixport,
https://github.com/atmoschem/EmissV,
https://gitlab.com/ibarraespinosa/vein,18672162
https://github.com/JGCRI/CEDS,
https://github.com/openclimatedata/national-climate-plans,
https://github.com/quishqa/PyChEmiss,
https://github.com/owid/co2-data,
https://github.com/uataq/X-STILT,
https://github.com/uataq/stilt,
https://github.com/arbrandt/OPGEE,
https://github.com/openghg,
https://github.com/OpenCarbonWatch,
https://github.com/satish1901/Methane-detection-from-hyperspectral-imagery,
https://methane.jpl.nasa.gov/,
https://github.com/CMU-CREATE-Lab/deep-smoke-machine,
https://github.com/Ribbit-Network/ribbit-network-frog-sensor,
https://github.com/tianjialiu/FIRECAM,
https://github.com/mmb-carb/ESTA,
https://github.com/milankl/FlyingClimate,
https://github.com/OSUKED/ETS-Watch,
https://github.com/HSG-AIML/IndustrialSmokePlumeDetection,
https://www.exiobase.eu/,
https://github.com/BONSAMURAIS/bonsai,
https://github.com/brightway-lca/brightway2,
https://github.com/romainsacchi/carculator,
https://github.com/USEPA/ElectricityLCI,
https://github.com/uslci-admin/uslci-content,
https://github.com/GreenDelta/olca-app,
https://github.com/GreenDelta/openlca-python-tutorial,
https://www.globallcadataaccess.org/,
https://github.com/scyjth/biosteam_lca,
https://github.com/oie-mines-paristech/lca_algebraic,
https://www.lcacommons.gov/,
https://github.com/Vizzuality/trase,
https://github.com/QSD-Group/QSDsan,
https://github.com/romainsacchi/premise,
https://github.com/ONEARMY/precious-plastic,
https://conservancy.umn.edu/handle/11299/214366,
https://github.com/pedropro/TACO,
https://github.com/circularfashion/cf-circularity-id-standard,
https://github.com/sangminwoo/RecycleNet,
https://github.com/garythung/trashnet,
https://github.com/OpenLitterMap/openlittermap-web,
https://www.appropedia.org/Recyclebot,
https://github.com/CMLPlatform/pycirk,
https://github.com/WWF-Deutschland/marine-plastic-explorer,
https://github.com/NASA-IMPACT/marine_debris_ML,
https://ecostress.jpl.nasa.gov/,
https://github.com/wri/carbon-budget,
https://github.com/apburt/treeseg/,
https://github.com/forestgeo/fgeo,
https://github.com/forestgeo/fgeo.biomass,
https://github.com/umr-amap/BIOMASS,
https://github.com/MetOffice/forest,
https://github.com/openforis/sepal,
https://github.com/forc-db/ForC,
https://github.com/tiagodc/TreeLS,
https://github.com/InverseTampere/TreeQSM,
https://github.com/weecology/DeepLidar,
https://github.com/esowc/wildfire-forecasting,
https://github.com/ecmwf/caliver,
https://github.com/Vizzuality/gfw,
https://github.com/wri/gfw-mapbuilder,
https://github.com/ropensci/taxize,
https://github.com/ropensci/rgbif,
https://github.com/globalbioticinteractions/globalbioticinteractions,
https://github.com/Jean-Romain/lidR,
https://github.com/mparkan/Digital-Forestry-Toolbox,
https://github.com/brycefrank/pyfor,
https://github.com/weecology/DeepForest,
https://github.com/WSWUP/pymetric,
https://github.com/weecology/NeonTreeEvaluation,
https://github.com/manaakiwhenua/pycrown,
https://github.com/akamoske/canopyLazR,
https://github.com/philwilkes/forestlas,
https://github.com/OpenTreeMap/otm-core,
https://github.com/weecology/DeepTreeAttention,
https://github.com/ropensci/rebird,
https://github.com/ropensci/rredlist,
https://gitlab.com/rootmodels/OpenSimRoot,1117808
https://github.com/woodcrafty/PyETo,
https://github.com/ltrr-arizona-edu/burnr,
https://github.com/sollano/forestmangr,
https://github.com/jneme910/CART,
https://github.com/DS3Lab/forest-prediction,
https://github.com/Greensway/BIRDS,
https://github.com/danforthcenter/plantcv,
https://github.com/NGEET/fates,
https://github.com/ghislainv/forestatrisk,
https://github.com/Plant-Root-Soil-Interactions-Modelling/CRootBox,
https://github.com/pyronear/pyro-vision,
https://github.com/CornellLabofOrnithology/auk,
https://github.com/ropensci/spocc,
https://github.com/VIAME/VIAME,
https://github.com/NOAA-EDAB/ecodata,
https://github.com/bullocke/coded,
https://github.com/openplantpathology/OpenPlantPathology,
https://github.com/allisonhorst/palmerpenguins/,
https://github.com/iobis/robis/,
https://github.com/ropensci/rfishbase,
https://github.com/ajwdewit/pcse,
https://github.com/p2irc/deepplantphenomics,
https://github.com/JuliaOcean/PlanktonIndividuals.jl,
https://github.com/red-list-ecosystem/redlistr,
https://github.com/AtlasOfLivingAustralia/ALA4R,
https://github.com/FRBCesab/worldpa,
https://github.com/traitecoevo/plant,
https://github.com/Envirometrix/PNVmaps,
https://github.com/alan-turing-institute/monitoring-ecosystem-resilience,
https://git.geomar.de/markus-pahlow/UVic-updates-opem,
https://www.quantitative-plant.org/,
https://github.com/bluegreen-labs/phenocamr,
https://github.com/pinskylab/OceanAdapt,
https://github.com/forc-db/GROA,
https://github.com/Plant-for-the-Planet-org/treecounter-app,
https://github.com/microsoft/aerial_wildlife_detection,
https://github.com/pyronear/pyro-risks,
https://github.com/Plant-for-the-Planet-org/treemapper,
https://github.com/jbferet/biodivMapR,
https://github.com/protontypes/continuous-reforestation,
https://github.com/DiversiTree/TreeDiversity,
https://github.com/ghislainv/forestatrisk-tropics,
https://github.com/martibosch/detectree,
https://github.com/wri/sentinel-tree-cover,
https://github.com/Bioverse-Labs/deep-learning,
https://gitlab.inria.fr/cgarcin/plantnet_dataset,
https://github.com/protect-earth/TreeTracker,
https://github.com/carbonplan/forest-risks,
https://github.com/carlos-alberto-silva/rGEDI,
https://github.com/bcgov/wps,
https://github.com/shmh40/detectreeRGB,
https://github.com/karthikraja95/fsdl_deforestation_detection,
https://github.com/ytarazona/ForesToolboxRS,
https://github.com/technologiestiftung/giessdenkiez-de,
https://github.com/MoBiodiv/mobr,
https://github.com/SKrisanski/FSCT,
https://git.ecmwf.int/projects/CEMSF/repos/geff/browse,
https://github.com/MAAP-Project/maap-documentation,
https://github.com/VEZY/DynACof,
https://github.com/acannistra/planet-snowcover,
https://github.com/ropensci/MODIStsp,
https://github.com/nansencenter/sea_ice_drift,
https://github.com/smrt-model/smrt,
https://github.com/OGGM/oggm,
https://github.com/CICE-Consortium/CICE,
https://github.com/pism/pism,
https://github.com/CICE-Consortium/Icepack,
https://github.com/weiji14/deepbedmap,
https://github.com/wrightni/OSSP,
https://github.com/fspaolo/captoolkit,
https://github.com/vannizhang/sea-ice,
https://github.com/NOAA-GFDL/SIS2,
https://github.com/RichardEssery/FSM2,
https://github.com/GEUS-PROMICE/freshwater,
https://github.com/PennyHow/PyTrx,
https://github.com/ECCO-GROUP/ECCO-v4-Python-Tutorial,
https://github.com/icesat2py/icepyx,
https://github.com/chadagreene/BedMachine,
https://github.com/Joel-hanson/Iceberg-locations,
https://gitlab.com/wgms/glathida,14130804
https://gitlab.awi.de/sicopolis/sicopolis,
https://github.com/JordiBolibar/ALPGM,
https://github.com/krisrs1128/glacier_mapping,
https://github.com/weiji14/deepicedrain,
https://github.com/cryotools/cosipy,
https://github.com/nsidc/qgreenland,
https://github.com/NorESMhub/BLOM,
https://github.com/CliMA/Oceananigans.jl,
https://forge.ipsl.jussieu.fr/nemo/wiki/Users,
https://github.com/CliMA/LESbrary.jl,
https://code.google.com/archive/p/gold-omod/,
https://github.com/ropensci/rrricanes,
https://github.com/ropensci/hydroscoper,
https://github.com/WPringle/GLOCOFFS,
https://github.com/OpenDrift/opendrift,
https://github.com/hainegroup/oceanspy,
https://github.com/SciTools/iris,
https://github.com/team-ocean/veros,
https://github.com/dankelley/oce,
https://github.com/nasa/podaacpy,
https://github.com/DFO-Ocean-Navigator/Ocean-Data-Map-Project,
https://github.com/ecjoliver/marineHeatWaves,
https://github.com/robwschlegel/heatwaveR,
https://github.com/MITgcm/MITgcm,
https://github.com/NCAR/VAPOR,
https://github.com/beijbom/coralnet,
https://github.com/NOAA-PMEL/Ferret,
https://github.com/NCAR/ccpp-physics,
https://github.com/ropensci/rnoaa,
https://github.com/OceanParcels/parcels,
https://github.com/Mohid-Water-Modelling-System/MOHID-Lagrangian,
https://github.com/Mohid-Water-Modelling-System/Mohid,
https://github.com/JuliaOcean/AIBECS.jl,
https://github.com/meom-group/CDFTOOLS,
https://github.com/gotm-model/code,
https://github.com/ESMG/pyroms,
https://github.com/rabernat/intro_to_physical_oceanography,
https://git.outils-is.ird.fr/grelet/TSG-QC,
https://github.com/NCAR/wrf_hydro_nwm_public,
https://github.com/NCAR/rwrfhydro,
https://github.com/UU-Hydro/PCR-GLOBWB_model,
https://github.com/hydroshare/hydroshare,
https://github.com/DrylandEcology/SOILWAT2,
https://github.com/passaH2O/dorado,
https://github.com/AustralianAntarcticDivision/blueant,
https://github.com/jamesorr/CO2SYS-MATLAB,
https://github.com/jamesorr/mocsy,
https://github.com/jpgattuso/seacarb-git,
https://github.com/jonschwenk/RivGraph,
https://github.com/GClunies/noaa_coops,
https://github.com/COSIMA/cosima-cookbook,
https://github.com/cordmaur/WaterDetect,
https://github.com/FLARE-forecast/FLAREr,
https://github.com/cheginit/HyRiver,
https://github.com/jmigueldelgado/buhayra,
https://github.com/Deltares/Wflow.jl,
https://github.com/spaceml-org/ml4floods,
https://github.com/parflow/parflow,
https://github.com/sdl60660/river-runner,
https://code.usgs.gov/map/gw/visGWDBmrva,
https://github.com/ESIPFed/LakePy,
https://github.com/global-hydrodynamics/CaMa-Flood_v4,
https://github.com/NOAA-OWP/cahaba,
https://github.com/cloudtostreet/MODIS_GlobalFloodDatabase,
https://github.com/mkoohafkan/rivr,
https://github.com/aqualinkorg/aqualink-app,
https://github.com/euroargodev/argopy,
https://github.com/eWaterCycle/ewatercycle,
https://github.com/RHESSys/RHESSys,
https://github.com/ropensci/tidyhydat,
https://github.com/earth-system-radiation/rte-rrtmgp,
https://github.com/timduly4/pyglow,
https://github.com/OasisLMF/OasisPiWind,
https://github.com/slcs-jsc/mptrac,
https://github.com/NCAR/icar,
https://github.com/AER-RC/LBLRTM,
https://github.com/rich-iannone/splitr,
https://github.com/simonom/PyCHAM,
https://github.com/CNES/MAJA,
https://github.com/Open-MSS/MSS,
https://github.com/mjucker/MiMA,
https://github.com/space-physics/lowtran,
https://github.com/esowc/Elefridge.jl,
https://github.com/Unidata/MetPy,
https://github.com/ExeClim/Isca,
https://github.com/oceanflux-ghg/FluxEngine,
https://github.com/openeemeter/eeweather,
https://github.com/GralDispersionModel/GRAL,
https://jugit.fz-juelich.de/clams/CLaMS,
https://github.com/geoschem/geos-chem,
https://git.ufz.de/mhm/mhm,
https://github.com/loftytopping/PyBox,
https://github.com/E3SM-Project/scream,
https://github.com/CliMA/RRTMGP.jl,
https://gitlab.com/wxmetvis/met.3d,1797232
https://github.com/pankajkarman/pyvortex,
https://github.com/UW-Hydro/VIC,
https://github.com/NOAA-EMC/global-workflow,
https://github.com/EarthSystemDiagnostics/sedproxy,
https://github.com/ESMValGroup/ESMValTool,
https://github.com/NOAA-GFDL/FMS,
https://github.com/pangeo-data/pangeo,
https://github.com/ESCOMP/CMEPS,
https://github.com/E3SM-Project/E3SM,
https://github.com/E3SM-Project/e3sm_diags,
https://github.com/NOAA-GFDL/MDTF-diagnostics,
https://github.com/ESCOMP/CESM,
https://github.com/JuliaClimate/ClimateBase.jl,
https://github.com/gavinsimpson/canadaHCD/,
https://climatedataguide.ucar.edu/,
https://github.com/monocongo/climate_indices,
https://github.com/CliMA/Land,
https://github.com/eradiate/eradiate,
https://github.com/LBL-EESA/TECA,
https://gitlab.com/eccc/gem/gem,13939877
https://github.com/CliMA/ClimateMachine.jl,
https://github.com/ecmwf/atlas,
https://github.com/NOAA-GFDL/MOM6,
https://github.com/mom-ocean/MOM5,
https://github.com/JGCRI/hector,
https://github.com/openclimatedata/pyhector,
https://github.com/apache/attic-climate,
https://github.com/NorESMhub/NorESM,
https://github.com/CliMT/climt,
https://github.com/brian-rose/climlab,
https://github.com/OMS-NetZero/FAIR,
https://github.com/CLIMADA-project/climada_python,
https://github.com/ClimateMARGO/ClimateMARGO.jl,
https://github.com/JuliaClimate/ClimateTools.jl,
https://github.com/UW-Hydro/MetSim,
https://github.com/Libbum/DICE.jl,
https://gitlab.pik-potsdam.de/lpjml/LPJmL,
https://github.com/iiasa/ipcc_sr15_scenario_analysis,
https://github.com/Ouranosinc/raven,
https://www.nemo-ocean.eu/,
https://github.com/esmf-org/esmf,
https://github.com/uturuncoglu/RegESM,
https://github.com/Geodels/gospl,
https://github.com/GIS4WRF/gis4wrf,
https://github.com/MPAS-Dev/MPAS-Model,
https://github.com/bradyrx/esmtools,
https://github.com/badlands-model/badlands,
https://github.com/Climdyn/qgs,
https://github.com/csdms/pymt,
https://github.com/landlab/landlab,
https://github.com/ladybug-tools/dragonfly-legacy,
https://github.com/slcs-jsc/jurassic,
https://github.com/atmtools/arts,
https://github.com/robintw/Py6S,
https://github.com/fnemina/pyOSOAA,
https://github.com/ecmwf/ecrad,
https://github.com/acclimate/acclimate,
https://github.com/cf-convention/cf-conventions,
https://www.ncdc.noaa.gov/data-access/land-based-station-data/land-based-datasets/global-historical-climatology-network-ghcn,
https://crudata.uea.ac.uk/cru/data/hrg/,
https://www.ecad.eu/download/ensembles/download.php,
https://www.ecmwf.int/en/forecasts/datasets/browse-reanalysis-datasets,
https://github.com/energy-modelling-toolkit/era-nuts-code,
https://psl.noaa.gov/data/gridded/reanalysis/index.html,
https://disc.sci.gsfc.nasa.gov/datasets?keywords=%22MERRA-2%22,
https://pcmdi.github.io/CMIP6/,
https://github.com/ClimateWatch-Vizzuality/climate-watch,
https://earthengine.google.com/,
https://github.com/SantanderMetGroup/loadeR,
https://github.com/SantanderMetGroup/climate4R,
https://github.com/ropensci/GSODR,
https://github.com/rich-iannone/stationaRy,
https://github.com/ropensci/weathercan,
https://github.com/forestgeo/Climate,
https://github.com/csyhuang/hn2016_falwa,
https://cds.climate.copernicus.eu/toolbox/doc/index.html,
https://github.com/SantanderMetGroup/ATLAS,
https://github.com/Ouranosinc/xclim,
https://github.com/ARCCSS-extremes/climpact,
https://github.com/ropensci/prism,
https://github.com/NCPP/ocgis,
https://github.com/pangeo-data/climpred,
https://github.com/eliocamp/metR,
https://github.com/SantanderMetGroup/downscaleR,
https://github.com/ropensci/clifro,
https://github.com/Yuanchao-Xu/hyfo,
https://github.com/bczernecki/climate,
https://github.com/brry/rdwd,
https://github.com/ropensci/rWBclimate,
https://github.com/danwild/leaflet-velocity,
https://github.com/geoschem/gcpy,
https://github.com/spencerahill/aospy,
https://github.com/xgcm/xgcm,
https://github.com/MPAS-Dev/MPAS-Analysis,
https://github.com/PraCTES/MIT-PraCTES,
https://github.com/nasa/NASAaccess,
https://climate.esa.int/en/odp/#/dashboard,
https://github.com/CCI-Tools/cate,
https://github.com/ubilabs/esa-climate-from-space,
https://github.com/ecmwf/climetlab,
https://github.com/ecmwf/cdsapi,
https://github.com/ODM2/ODM2,
https://github.com/gusgordon/atmospheric_satellite,
https://github.com/pytroll/pygac,
https://github.com/Unidata/netcdf-fortran,
https://github.com/ESIPFed/sweet,
https://podaac.jpl.nasa.gov/datasetlist,
https://github.com/bluegreen-labs/ecmwfr,
https://github.com/zmlabe/IceVarFigs,
https://github.com/PCMDI/cmor,
https://github.com/NCAR/ncl,
https://github.com/xarray-contrib/xskillscore,
https://github.com/ropensci/getCRUCLdata,
https://github.com/cortinah/hockeystick,
https://toolkit.climate.gov/,
https://github.com/ecmwf/cfgrib,
https://github.com/ideas-lab-nus/epwshiftr,
https://github.com/ropensci/bomrang,
https://github.com/intake/intake-esm,
https://github.com/h5netcdf/h5netcdf,
https://github.com/boshek/rsoi,
https://github.com/nco/nco,
https://github.com/nco/pynco,
https://github.com/mikejohnson51/climateR,
https://github.com/rOpenSpain/climaemet,
https://github.com/danielhuppmann/iea-netzero2050-datawrangler,
https://github.com/mzelinka/cmip56_forcing_feedback_ecs,
http://www.libradtran.org/,
https://github.com/SantanderMetGroup/DeepDownscaling,
https://github.com/chrisroadmap/climateforcing,
https://github.com/roocs/clisops,
https://github.com/openscm/AR6-WG1-Data-Compilation,
https://github.com/IPCC-WG1/Chapter-9,
https://github.com/cerfacs-globc/icclim,
https://github.com/deepsphere/deepsphere-pytorch,
https://juliaclimate.github.io/GlobalOceanNotebooks/,
https://github.com/aaronspring/remote_climate_data,
https://archive.ceda.ac.uk/,
https://github.com/pik-primap/climate_categories,
https://github.com/WFP-VAM/prism-frontend,
https://github.com/JuliaClimate/ClimateSatellite.jl,
https://github.com/RadiativeTransfer/RadiativeTransfer.jl,
https://github.com/openscm/pymagicc,
https://github.com/iiasa/ENGAGE-netzero-analysis,
https://github.com/pylandtemp/pylandtemp,
https://github.com/USEPA/CMAQ,
https://github.com/USEPA/AMET,
https://gitlab.version.fz-juelich.de/esde/machine-learning/mlair,
https://github.com/shootismoke/mobile-app,
https://github.com/jsynowiec/airqmon,
https://github.com/opendata-stuttgart/sensors-software,
https://github.com/HabitatMap/AirCasting,
https://github.com/davidcarslaw/openair,
https://github.com/ropensci/ropenaq,
https://github.com/rpanfili/airQualityMeter,
https://github.com/USEPA/Air-Trends-Report,
https://github.com/openaq/openaq-api,
https://github.com/openaq/openaq-fetch,
https://github.com/simplabs/breethe-server,
https://github.com/CEMPD/SMOKE,
https://github.com/spatialmodel/inmap,
https://github.com/metno/emep-ctm,
https://github.com/openvironment/Rpollution,
https://github.com/twollnik/YETI,
https://github.com/shawnwang-tech/PM2.5-GNN,
https://github.com/ropensci/rdefra,
https://github.com/skgrange/rmweather,
https://github.com/Safecast/safecastapi,
https://github.com/openoakland/woeip,
https://github.com/opendata-stuttgart/sensor.community,
https://github.com/sensebox/openSenseMap,
https://github.com/USEPA/Stormwater-Management-Model,
https://github.com/USGS-R/dataRetrieval,
https://github.com/USGS-R/EGRET,
https://github.com/lanl-ansi/WaterModels.jl,
https://github.com/NOAA-OWP/t-route,
https://github.com/NOAA-OWP/ngen,
https://github.com/USGS-R/nhdplusTools,
https://github.com/codeforboston/safe-water,
https://github.com/mroberge/hydrofunctions,
https://github.com/CWatM/CWatM,
https://github.com/AquaticEcoDynamics/GLM,
https://github.com/jsta/nhdR,
https://github.com/MODFLOW-USGS/modflow6,
https://oss.deltares.nl/web/imod/home,
https://gitlab.com/deltares/imod/imod-python,4588050
https://github.com/mdbartos/pysheds,
https://github.com/jblindsay/whitebox-tools,
https://github.com/ARPA-SIMC/CRITERIA3D,
https://github.com/USEPA/WNTR,
https://github.com/bcgov/fasstr,
https://github.com/KnowFlow/KnowFlow_AWM,
https://github.com/bcgov/gwells,
https://github.com/RAJohansen/waterquality,
https://github.com/ec-jrc/lisflood-code,
https://github.com/mikejohnson51/FloodMapping,
https://github.com/qgep/QGEP,
https://github.com/toogad/PooPyLab_Project,
https://github.com/AguaClara/aguaclara,
https://gitlab.com/deltares/rtc-tools,1803829
https://github.com/OpenWaterAnalytics/EPANET,
https://github.com/OpenWaterAnalytics/pyswmm,
https://github.com/geodynamics/selen,
https://github.com/sentinel-hub/custom-scripts/tree/master/sentinel-2/se2waq,
https://www.hydrosheds.org/,
https://github.com/isikdogan/rivamap,
https://github.com/NOAA-ORR-ERD/PyGnome,
https://github.com/thanhiwer/VICRes,
https://github.com/USDA-ARS-NWRC/awsm,
https://github.com/AquaticEcoDynamics/libaed2,
https://ts-gitlab.iup.uni-heidelberg.de/dorie/dorie,
https://github.com/bcgov/wqbc,
https://github.com/WikiWatershed/model-my-watershed,
https://github.com/GlobalHydrologyLab/AquaSat,
https://github.com/ropensci/cde,
https://github.com/pygsflow/pygsflow,
https://github.com/bcgov/bcgroundwater,
https://github.com/UMN-Hydro/GSFLOW-GRASS,
https://github.com/jnsebgosselin/gwhat,
https://github.com/smwesten-usgs/swb,
https://github.com/bcgov/groundwater-levels-indicator,
https://www.usgs.gov/software/coupled-ground-water-and-surface-water-flow-model-gsflow,
https://github.com/bcgov/canwqdata,
https://github.com/USGS-R/HASP/,
https://github.com/CSHS-CWRA/CSHShydRology,
https://github.com/Call-for-Code/Liquid-Prep,
https://github.com/modflowpy/flopy,
https://github.com/pcraster/pcraster,
https://github.com/OSOceanAcoustics/echopype,
https://github.com/neuralhydrology/neuralhydrology,
https://github.com/USGS-python/dataretrieval,
https://github.com/iiasa/CWatM,
https://gitlab.com/hotmaps/potential/WWTP,3843088
https://github.com/AWH-GlobalPotential-X/AWH-Geo,
https://github.com/ISRICWorldSoil/SoilGrids250m,
https://git.wur.nl/isric/soilgrids/soilgrids.notebooks/,
https://github.com/felixriese/hyperspectral-soilmoisture-dataset,
https://github.com/ncss-tech/soilReports,
https://github.com/ncss-tech/aqp,
https://github.com/ncss-tech/sharpshootR,
https://github.com/ncss-tech/soilDB,
https://github.com/mhscience/landslides_detection,
https://github.com/hectornieto/pyTSEB,
https://github.com/obrl-soil/slga,
https://github.com/ropensci/smapr,
https://github.com/NASA-DEVELOP/DRIP-SLIP,
https://github.com/TUW-GEO/esa_cci_sm,
https://github.com/aramcharan/US_SoilGrids100m,
https://github.com/TUW-GEO/pytesmo,
https://github.com/imartinezl/drought-map,
https://github.com/esowc/ml_drought,
https://github.com/wandb/droughtwatch,
https://github.com/jinshijian/SoilHealthDB,
https://github.com/bpbond/srdb,
https://github.com/bpbond/cosore,
https://github.com/SoilBGC-Datashare/sidb,
https://github.com/International-Soil-Radiocarbon-Database/ISRaD,
https://github.com/Envirometrix/PredictiveSoilMapping,
https://github.com/OpenFLUID/openfluid,
https://github.com/ConservationInternational/trends.earth,
https://github.com/capstone-coal/pycoal,
https://ncss-tech.github.io/stats_for_soil_survey/,
https://github.com/tjc181/simsphere,
https://github.com/CryoGrid/CryoGrid3,
https://github.com/felixriese/CNN-SoilTextureClassification,
https://github.com/pyviz-topics/EarthML,
http://step.esa.int/main/,
https://github.com/geocryology/globsim,
https://github.com/DrylandEcology/rSFSW2,
https://github.com/r-spatialecology/landscapemetrics,
https://github.com/Christiaanvandertol/SCOPE,
https://github.com/JGCRI/demeter,
https://gitlab.com/openlandmap,
https://github.com/martibosch/pylandstats,
https://github.com/ropensci/NLMR,
https://github.com/eMapR/LT-GEE,
https://github.com/moja-global/About_moja_global,
https://github.com/TUW-GEO/ismn,
https://opensustain.tech/#agriculture-and-nutrition,
https://github.com/FarmBot/Farmbot-Web-App,
https://github.com/mudpi/mudpi-core,
https://github.com/lukasValentin/OBIA4RTM,
https://github.com/bhavesh907/Crop-Classification,
https://github.com/DSSAT/dssat-csm-os,
https://github.com/magpiemodel/magpie,
https://github.com/AgroCares/Open-Bodem-Index-Calculator,
https://github.com/PSUmodeling/Cycles,
https://github.com/APSIMInitiative/ApsimX,
https://github.com/ConservationInternational/resilienceatlas,
https://github.com/adamhsparks/rice-awd-shb,
https://github.com/zalf-rpm/monica,
https://github.com/openfarmcc/OpenFarm,
https://github.com/kwstat/agridat,
https://github.com/ss3sim/ss3sim,
https://github.com/ropensci/rfisheries,
https://github.com/droglenc/FSA,
https://github.com/sizespectrum/mizer,
https://github.com/CarrKnight/POSEIDON,
https://github.com/karrot-dev/karrot-frontend,
https://bitbucket.org/anyelacamargo/aquacropr/,
https://github.com/openfoodfoundation/openfoodnetwork,
https://github.com/Ecohackerfarm/powerplant,
https://github.com/treflehq/trefle-api,
https://github.com/morkro/happy-plants,
https://github.com/EduardoFernandezC/dormancyR,
https://github.com/efernandezpascual/seedr,
https://github.com/kazulagi/plantFEM,
https://github.com/openfoodfacts/openfoodfacts-server,
https://www.ramlegacy.org/,
https://github.com/martinbruckner/fabio_v1,
http://www.fao.org/faostat/en/#data,
https://github.com/Growstuff/growstuff,
https://farmos.org/,
https://github.com/hmontazeri/is-vegan,
https://github.com/Shyentist/fish-r-man,
https://github.com/GlobalFishingWatch/map-client,
https://github.com/r4ss/r4ss,
https://github.com/natcap/invest,
https://github.com/remindmodel/remind,
https://github.com/RaphaelPB/WHAT-IF,
https://github.com/My-Climate-Journey/climate-sustainability-investment-framework,
https://github.com/2DegreesInvesting/r2dii.analysis,
https://github.com/OFBDABV/SBTi,
https://github.com/realimpat/Real-Impact-Tracker-Methodology/,
https://github.com/fund-model/MimiFUND.jl,
https://github.com/Lkruitwagen/global-fossil-fuel-supply-chain,
https://github.com/opentaps/open-climate-investing,
https://github.com/NREL/ssc,
https://github.com/os-climate/os_c_data_commons,
https://gitlab.com/xdc-model/xdc,31579610
https://www.appropedia.org/Welcome_to_Appropedia,
https://en.wikipedia.org/wiki/Open_energy_system_databases,
https://globalwindatlas.info/,
https://globalsolaratlas.info/,
https://en.oho.wiki/wiki/Home,
https://www.opensourceecology.org/,
https://github.com/ProjectDrawdown/solutions,
https://github.com/NOAAGov/NOAA-Affiliated-Projects,
https://climatescape.org/,
http://www.airminers.org/,
https://github.com/EnvironmentOntology/envo,
https://globalfishingwatch.org/,
https://github.com/open-sdg/open-sdg,
https://github.com/petermr/climate,
https://github.com/SDG-InterfaceOntology/sdgio,
https://github.com/YaleOpenLab/openclimate-demo,
https://github.com/EnviroDIY/ModularSensors,
https://www.opensourceseeds.org/en,
https://www.sdgindex.org/,
https://www.transitionproject.org/,
https://github.com/protect-earth/protect.earth,
https://power.larc.nasa.gov/,
https://github.com/climate-strike/license,
https://energy-modelling-ireland.github.io/ireland-energy-wiki/,
http://www.impactlab.org/,
https://github.com/washingtonpost/data-2C-beyond-the-limit-usa/,
https://github.com/regen-network/regen-ledger,
https://github.com/resource-watch/resource-watch,
https://github.com/stripe/carbon-removal-source-materials,
https://github.com/raoulcollenteur/Python-Hydrology-Tools,
https://github.com/piersyork/owidR,
https://github.com/owid/owid-catalog-py,
https://github.com/owid/sdg-tracker.org,
https://github.com/APA-Technology-Division/urban-and-regional-planning-resources,
https://github.com/nasa/earthdata-search,
https://db.cger.nies.go.jp/portal/geds/index,
https://github.com/rOpenGov/eurostat,
https://github.com/rOpenGov/giscoR,
https://github.com/ESGF/esgf-pyclient,
https://edgar.jrc.ec.europa.eu/,
https://openghgmap.net/,
https://zenodo.org/record/3958283,
https://github.com/Open-EO/openeo-python-client,
https://github.com/samapriya/awesome-gee-community-datasets/,
http://sciencepolicy.colorado.edu/icecaps/research/media_coverage/,
https://github.com/mysociety/caps,
https://github.com/philippgaertner/awesome-earth-engine-apps,
https://github.com/betolink/earthdata,
https://github.com/microsoft/AIforEarthDataSets,
https://carbonmapperdata.org/,
https://github.com/radiantearth/radiant-mlhub,
https://github.com/wpgp/wopr,
https://github.com/brazil-data-cube/rwlts,
https://github.com/sustainlab-group/sustainbench,
https://github.com/KKulma/climate-change-data,
https://github.com/Green-Software-Foundation/awesome-green-software,
https://github.com/pogopaule/awesome-sustainability-jobs,
https://github.com/davemlz/awesome-ee-spectral-indices,
https://github.com/px39n/Awesome-Vegetation-Index,
https://github.com/CUTR-at-USF/awesome-transit,
https://github.com/chrisleaman/awesome-coastal,
https://github.com/brycejohnston/awesome-agriculture,
https://github.com/IrishMarineInstitute/awesome-erddap,
https://github.com/awesome-cryosphere/cryosphere-links,
https://github.com/nglgzz/awesome-clean-tech,
https://github.com/pangeo-data/awesome-open-climate-science,
https://github.com/philsturgeon/awesome-earth,
https://github.com/softwareunderground/awesome-open-geoscience,
https://github.com/daviddao/code-against-climate-change,
https://github.com/arctic-risk/awesome-arctic-data,
https://github.com/wenhwu/awesome-remote-sensing-change-detection,
https://github.com/blutjens/awesome-forests/,
